,person_number,frame_number,left_angle,right_angle
0,0,0,-0.29841281999488317,-6.178064902128345
1,0,1,-0.7655995915227966,-7.757250050043386
2,0,2,-0.40066325579215495,-7.606867771971791
3,0,3,0.0,-8.130102354155971
4,0,4,0.0,-11.309932474020208
5,0,5,-6.599916981913864,-9.021793461677857
6,0,6,-3.327404241726569,-6.1926176240475765
7,0,7,2.82917583763028,-3.1798301198642362
8,0,8,2.2605019111412687,-2.862405226111745
9,0,9,-6.709836807756926,-6.826862338473692
10,0,10,-6.709836807756926,-7.5946433685914405
11,0,11,-3.366460663429793,-9.46232220802561
12,0,12,8.735316951400792,-0.8425242607404141
13,0,13,11.69893760880266,2.5217596524536106
14,0,14,11.15092516850515,2.419509216656339
15,0,15,8.735316951400792,-0.27026110649412816
16,0,16,8.611568159994333,5.117314849972631
17,0,17,5.710593137499646,4.775291910068079
18,0,18,8.735316951400792,2.8201724724484936
19,0,19,17.503392224844525,5.350935490083891
20,0,20,8.890423257363869,-0.4896955931292233
21,0,21,9.202596972021654,-0.44186100494825914
22,0,22,12.734290795347608,-1.4772141914932064
23,0,23,6.34019174590991,1.847610265994599
24,0,24,0.0,-3.9980420992033823
25,0,25,-5.4649674286115495,-3.1798301198642362
26,0,26,-5.5887162200180205,-8.595911436920966
27,0,27,-5.194428907734808,-6.1155035662854
28,0,28,-5.194428907734808,-8.4227570256408
29,0,29,-5.194428907734808,-5.814557139452297
30,0,30,-5.194428907734808,-3.0191318491372647
31,0,31,0.27026110649414087,-3.1798301198642362
32,0,32,-5.710593137499646,-8.447527247908463
33,0,33,-6.009005957494529,-8.734556878976212
34,0,34,-0.15038227807159557,-6.212797226522603
35,0,35,0.3174248937524912,-6.993345386806127
36,0,36,3.453316250531093,-0.6401496695235306
37,0,37,6.995192297258005,-0.7117122060356912
38,0,38,-2.34413247406984,-10.909269218228065
39,0,39,-8.972626614896399,-13.849369442011444
40,0,40,-9.188836077358765,-10.467408213279807
41,0,41,-9.706652409339704,-11.093723011557854
42,0,42,-9.706652409339704,-6.927218126009168
43,0,43,-16.58733855692742,-13.98756397283153
44,0,44,-13.050028553666836,-7.696051722016561
45,0,45,-6.009005957494529,-7.231513957692684
46,0,47,-14.981632572390915,-14.743562836470728
47,0,48,-2.9842821435933704,-5.804454616041864
48,0,49,-2.2906100426385336,-2.3859440303888224
49,0,50,-0.10360889161033718,-4.896066214974065
50,0,51,8.04289423350531,5.5898689598278
51,0,52,7.683981829733955,2.5918667052350033
52,0,53,8.166643024911767,0.0
53,0,54,10.304846468766035,-2.1006409246590327
54,0,55,17.705105758897904,-3.0191318491372647
55,0,56,26.30840886431686,-12.994616791916515
56,0,57,25.34617594194669,-8.325650330426837
57,0,91,10.10929849249517,-19.33480853782641
58,0,92,-4.0856167799748855,-25.34617594194669
59,0,93,-12.358285059317632,-30.7354877019201
60,0,95,-21.86637065977855,-35.07998703759795
61,0,96,5.710593137499646,-25.55996517182382
62,0,97,1.5586842062108222,-26.748104162921457
63,0,98,-2.935673446421177,-8.591225432227645
64,0,110,-65.48035731180923,-76.08750532347999
65,0,111,-71.56505117707799,-93.94518622903757
66,0,114,-72.81429385577523,-64.4400348281762
67,0,115,-96.34019174590992,-75.5640250210248
68,0,116,-100.61965527615513,-90.84252426074043
69,0,117,-113.40468955103232,-106.26020470831197
70,0,118,-124.50852298766841,-97.12501634890178
71,0,119,-112.38013505195957,-104.03624346792648
72,0,120,-103.12463724841095,-87.42342816973117
73,0,121,-121.7594800848128,-111.72709593591802
74,0,122,-123.81462337218706,-112.45693899994212
75,0,123,-98.80679269443532,-101.91514707126503
76,0,124,-84.68545433005525,-86.93993095884092
77,0,125,-66.89367314172844,-49.398705354995535
78,0,127,-66.05449761831669,-60.94539590092286
79,0,128,-65.25903865529813,-61.38954033403479
80,0,129,-61.460014812040036,-54.97771262015057
81,0,130,-58.240519915187214,-59.09893029139626
82,0,131,-66.78176746466221,-66.50828133399536
83,0,132,-74.35775354279127,-78.44337032276614
84,0,133,-98.2127801892859,-79.79602627826831
85,0,134,-72.3828195319093,-63.265435176944926
86,0,135,-99.51794916094876,-74.9315118405078
87,0,136,-96.79932144195847,-68.99031596584004
88,0,137,-93.58949674083819,-69.6685328738687
89,0,138,-55.23480276342321,-53.35075253233141
90,0,139,-83.01438916557802,-59.62087398863166
91,0,140,-66.735740999905,-50.40379136024972
92,0,141,-67.04882957492566,-46.789910608246075
93,0,142,-67.68652667423028,-52.48503895037334
94,0,143,-48.54476645559488,-43.92717072420846
95,0,144,-45.75384833307077,-48.0664855011259
96,0,145,-40.13548556223948,-32.234434218941374
97,0,146,-48.352889896390096,-29.33997086815646
98,0,147,-31.686367687856603,-40.23635830927382
99,0,148,-39.735053245394184,-33.826161758185265
100,0,149,-41.18592516570965,-31.00915729873069
101,0,150,-31.16635745396299,-29.167613379577798
102,0,151,-28.657117456558126,-21.892608421688532
103,0,152,-25.40771810894847,-15.754038595672906
104,0,153,-18.79988515865265,-13.099843082266283
105,0,154,-15.778441784139922,-13.099843082266283
106,0,155,-20.22485943116808,-21.15766377217644
107,0,156,-17.774006793397064,-18.549463885987937
108,0,157,-22.67007300837113,-31.200514603980633
109,0,158,-26.840509533213236,-28.013371742382756
110,0,159,-21.72709593591801,-30.454390285216885
111,0,160,-12.03720232036574,-27.00409070275965
112,0,161,-15.196573989597843,-16.638805670426287
113,0,162,-15.255118703057784,-19.301806436493433
114,0,163,-10.284514397400507,-20.015121295722018
115,0,164,-10.203973721731684,-16.638805670426287
116,0,165,-10.203973721731684,-16.762554461832746
117,0,166,-10.203973721731684,-16.762554461832746
118,0,167,-10.203973721731684,-13.510608861468869
119,0,168,-10.203973721731684,-19.230672375661293
120,0,169,-10.164169635845106,-18.586926661485908
121,0,170,-12.528807709151522,-21.139824808657668
122,0,171,-10.164169635845106,-20.69545073406329
123,0,172,-7.572302930610102,-15.74517849977154
124,0,173,-2.489552921999147,-13.205498049430847
125,0,174,-2.38594403038881,-16.29593162837347
126,0,175,-5.112255024295085,-11.020318531947286
127,0,176,-10.491477012331606,-14.432062936135921
128,0,177,-10.491477012331606,-10.978746685604827
129,0,178,-8.130102354155971,-8.207216411918148
130,0,179,-4.969740728110298,-5.215863915905422
131,0,180,-4.969740728110298,-5.4403320310055046
132,0,181,-7.683981829733967,-10.410072759115815
133,0,182,-7.683981829733967,-10.410072759115815
134,0,183,-5.4403320310055046,-8.530765609948126
135,0,184,-5.194428907734808,-10.732664556655775
136,0,185,-7.683981829733967,-13.799485396019367
137,0,186,-7.683981829733967,-13.799485396019367
138,0,187,-10.164169635845118,-11.309932474020208
139,0,188,-7.826276061394327,-11.309932474020208
140,0,189,-10.164169635845118,-10.784297867562595
141,0,190,-15.255118703057772,-15.945395900922849
142,0,191,-7.683981829733955,-19.188797155992777
143,0,192,-7.572302930610115,-16.699244233993618
144,0,193,-12.893744044882151,-16.699244233993618
145,0,194,-10.164169635845118,-18.434948822922006
146,0,195,-15.547939558288773,-13.3924977537511
147,0,196,-10.516046384544794,-14.03624346792647
148,0,197,-12.690790499154845,-13.3924977537511
149,0,198,-15.190210095675576,-12.2647737278924
150,0,199,-12.2647737278924,-16.927513064147046
151,0,200,-11.181754210196669,-12.804266065286754
152,0,201,-19.759470735213213,-15.190210095675576
153,0,202,-14.81761568603986,-14.75432664989156
154,0,203,-20.214567392566178,-17.23451445600271
155,0,204,-20.214567392566178,-16.990823291986164
156,0,205,-30.858755221070567,-14.835547671194675
157,0,206,-27.004090702759658,-9.865806943084376
158,0,207,-27.438141334899065,-17.65012421993013
159,0,208,-27.84162606995782,-12.88648252920395
160,0,209,-24.824554769183354,-8.187802011904509
161,0,210,-22.29715787678718,-12.78670144918675
162,0,211,-19.133643205905493,-3.7229018135880305
163,0,212,-13.423050068405848,-0.8784013878691871
164,0,213,-13.671307132195828,0.9453891044644315
165,0,214,-14.526404528462548,-3.3109415146114483
166,0,215,-15.322970211957063,-3.5154591540521185
167,0,216,-17.52556837372287,-1.5288838058805914
168,0,217,-19.085188264382438,-10.892829601077661
169,0,218,-17.034172879109263,-5.679249716384954
170,0,219,-11.309932474020208,-6.9727692860264625
171,0,220,-10.784297867562595,-16.990823291986175
172,0,221,-14.03624346792647,-19.3897900767942
173,0,222,-22.289210064449048,-22.05228195980417
174,0,223,-19.507204527196908,-25.55996517182381
175,0,224,-17.52556837372287,-21.905319019717
176,0,225,-22.495309101833183,-24.259786947299038
177,0,226,-22.71441235316724,-23.629377730656817
178,0,227,-24.053687909914906,-26.20011484134735
179,0,228,-15.945395900922849,-18.26790620724111
180,0,229,-24.290962408350975,-20.695450734063275
181,0,230,-22.833654177917545,-19.301806436493422
182,0,231,-22.833654177917545,-20.924501744921166
183,0,232,-33.40782458970894,-28.926425835253614
184,0,233,-39.74801633561884,-26.72145419036124
185,0,234,-48.290883686067296,-40.48795002626613
186,0,235,-47.1858008067756,-49.78771048977799
187,0,236,-46.03224469156573,-48.758555685472004
188,0,237,-39.99369528226929,-46.731819602528525
189,0,238,-39.076598522385595,-46.093052844293474
190,0,239,-34.030242033199414,-37.905779552197686
191,0,240,-32.71861237942233,-36.39185371818426
192,0,241,-34.752853188982485,-35.02228737984943
193,0,242,-35.39479584498705,-32.96088788397771
194,0,243,-30.323606862549987,-30.929973647124605
195,0,244,-31.902451165520695,-31.965441925244892
196,0,245,-28.524978436204357,-32.47119229084849
197,0,246,-34.57763728407716,-34.621885310924554
198,0,247,-29.981639368849333,-30.508380589850436
199,0,248,-27.7136848329435,-30.65876286792203
200,0,249,-28.75236842721435,-29.427456403189737
201,0,250,-18.434948822922006,-15.945395900922861
202,0,251,-15.255118703057772,-8.130102354155985
203,0,252,-7.376254021085216,-8.056834133846552
204,0,253,-9.865806943084364,-10.680333865609944
205,0,254,-9.865806943084364,-7.92073990164107
206,0,255,-11.76828893202064,-5.4649674286115495
207,0,256,-9.38234490163183,-8.436904131405909
208,0,257,-11.76828893202064,-8.313155339999437
209,0,258,-13.495733280795815,-10.680333865609944
210,0,259,-14.620873988631656,-10.680333865609944
211,0,260,-14.555383770530934,-2.48955292199916
212,0,261,-9.865806943084364,-2.1073355019985662
213,0,262,-14.225963898751788,-2.4801878061111515
214,0,263,-12.251750973473186,-4.941855049173352
215,0,264,-14.629448633810542,-1.930587441166992
216,0,265,-16.531930622746817,-2.1552756207914885
217,0,266,-16.70858035571531,-9.878829697503576
218,0,267,-19.19969690319315,-9.878829697503576
219,0,268,-19.3897900767942,-12.2647737278924
220,0,269,-19.3897900767942,-7.004647241294474
221,0,270,-19.328129151109984,-8.82037955202106
222,0,271,-11.69893760880266,-9.272601777200304
223,0,272,-11.606415103357111,-7.004647241294474
224,0,273,-11.606415103357111,-7.194367672119791
225,0,274,-11.606415103357111,-8.921812020894954
226,0,275,-11.155865915078866,-13.256302426819914
227,0,276,-19.736901495500895,-16.927513064147046
228,0,277,-26.490350072712317,-16.260204708311957
229,0,278,-19.736901495500895,-18.881069347344024
230,0,279,-26.13372346954033,-21.009012753952945
231,0,280,-33.550662011499966,-15.586304491473152
232,0,281,-39.692052945655824,-15.586304491473152
233,0,282,-44.544377162737945,-15.792403528857285
234,0,283,-28.983014241064136,-8.517230108306938
235,0,284,-29.614069242237505,-10.901898212425985
236,0,285,-35.591392569531145,-7.549421768263278
237,0,286,-33.11134196037204,-11.162726969878912
238,0,287,-21.622575701267518,-13.974100564405445
239,0,288,-17.786519827806544,-14.215853473673553
240,0,289,-13.516568108791322,-10.007979801441346
241,0,290,-10.587321318237136,-7.833235686831282
242,0,291,-7.197703629301749,-7.833235686831282
243,0,292,-7.197703629301749,-6.896084194653524
244,0,293,-6.379248167613134,-4.7495710182406015
245,0,294,-10.179060107705274,-4.567647770435828
246,0,295,-6.379248167613134,-7.215277435728063
247,0,296,-8.327333174128084,-6.896084194653524
248,0,297,-0.7143741957588781,-9.344671902099694
249,0,298,-8.327333174128084,-6.322325896937001
250,0,299,-3.2782763795364827,-8.356566706497157
251,0,300,-3.982520571829035,-3.00425626846421
252,0,301,-3.2186221108990463,1.6432806544927663
253,0,302,2.5510950890009383,-4.3323139831885165
254,0,303,0.5242604751380188,-5.7927964950321496
255,0,304,-1.4782726566888669,-8.356566706497157
256,0,305,-2.147585428298505,-4.7495710182406015
257,0,306,-11.98953078666233,-5.768727695980351
258,0,307,-12.52880770915151,-0.966925571644306
259,0,308,-9.61456927090096,-7.253194612725326
260,0,309,-7.382105387223642,-2.973731082480104
261,0,310,-3.2186221108990463,0.39405004232713736
262,0,311,-8.327333174128084,-2.86994513651868
263,0,312,-7.382105387223642,-0.4658090827649939
264,0,313,-7.050250258873135,-0.8998597149043921
265,0,314,-3.7960516264818462,-2.4041360537536858
266,0,315,0.5603320575676892,1.6032800646805054
267,0,316,0.5603320575676892,-2.4041360537536858
268,0,317,-0.6585431775635989,-4.409783425142302
269,0,318,1.3322198538696501,1.2092300223533679
270,0,319,1.3322198538696501,2.0373306968199034
271,0,320,0.6902771978650893,1.2092300223533679
272,0,321,1.9228770685163203,1.6032800646805054
273,0,322,1.9091524329963774,2.0373306968199034
274,0,323,1.9091524329963774,2.0373306968199034
275,0,324,1.9091524329963774,-0.39405004232713736
276,0,325,-1.8520326015456412,-0.36680535693378236
277,0,326,-2.5574169555849493,0.0
278,0,327,-3.7960516264818462,1.9700854216142878
279,0,328,-7.509939118851111,-0.36680535693378236
280,0,329,-6.220949921159607,-2.746400677344216
281,0,330,-8.017093073655328,-2.3123500452048176
282,0,331,-5.1132115230670125,-6.681141778561899
283,0,332,-3.2186221108990463,-4.398705354995524
284,0,333,-8.327333174128084,-5.141303489938277
285,0,334,-6.379248167613134,-3.2122097601092094
286,0,335,-3.2945149727698992,-3.371061625397992
287,0,336,-3.982520571829035,-3.371061625397992
288,0,337,-5.297048104596785,-3.7133262489885217
289,0,338,-7.8040985919439025,-7.788933155230512
290,0,339,-8.678168885240758,-9.614569270900947
291,0,340,-11.05313040100213,-12.528807709151522
292,0,341,-9.20140346742494,-5.859839425401445
293,0,342,-11.05313040100213,-5.859839425401445
294,0,343,-9.361666052428301,-5.2860811276849216
295,0,344,-13.431028870681663,-7.962264593249638
296,0,345,-9.692147608026065,-7.962264593249638
297,0,346,-9.361666052428301,-2.439698003528014
298,0,347,-15.255118703057772,-7.962264593249638
299,0,348,-15.255118703057772,-8.968820345087796
300,0,349,-14.340409319880802,-10.016469322717635
301,0,350,-12.094757077012098,-13.51730896736496
302,0,351,-11.633633998940438,-17.383062109666692
303,0,352,-13.679042487827655,-25.507403087830575
304,0,353,-11.142889858339313,-16.71372383426993
305,0,354,-7.382105387223642,-13.187350886715121
306,0,355,-14.544471825108191,-15.660029131843539
307,0,356,-10.853567342724176,-18.038901355367116
308,0,357,-9.865806943084364,-13.948096184373588
309,0,358,-9.451799567278337,-7.783559526465399
310,0,359,-11.201469225423375,-14.20676611776036
311,0,360,-11.633633998940438,-5.194428907734808
312,0,361,-16.686002778367783,-8.488943880504706
313,0,362,-14.834275844790591,-10.636529308803212
314,0,363,-11.201469225423375,-14.449030126459451
315,0,364,-12.05227030753845,-8.84481371112659
316,0,365,-12.05227030753845,-9.631169792459998
317,0,366,-12.543014448139575,-12.639062440630097
318,0,367,-11.633633998940438,-12.639062440630097
319,0,368,-8.941761590311657,-10.083448382023487
320,0,369,-8.941761590311657,-10.083448382023487
321,0,370,-12.543014448139575,-13.769753391868075
322,0,371,-8.585934311804982,-9.36907418626461
323,0,372,-6.7428941805628435,-9.013204355642726
324,0,373,-7.773282717551241,-10.860814621637324
325,0,374,-9.93236799528954,-10.860814621637324
326,0,375,-10.856413348062247,-8.633767654223744
327,0,376,-15.212582868620503,-9.348141849982623
328,0,377,-15.212582868620503,-13.46977822956417
329,0,378,-12.219312923219345,-13.46977822956417
330,0,379,-13.993707633489201,-9.727578551401603
331,0,380,-13.993707633489201,-13.46977822956417
332,0,381,-13.4742757956507,-6.286893361736463
333,0,382,-13.4742757956507,-9.827258543756264
334,0,383,-15.155159398493671,-10.190213377879111
335,0,384,-14.422346366191313,-10.53271182314203
336,0,385,-13.045637062948586,-10.53271182314203
337,0,386,-13.045637062948586,-10.53271182314203
338,0,387,-13.4742757956507,-12.328854975637752
339,0,388,-18.088754972461036,-14.234910423176585
340,0,389,-11.91121543197158,-15.63302602286394
341,0,390,-10.175510843043202,-12.893744044882151
342,0,391,-11.91121543197158,-13.19061071220684
343,0,392,-11.91121543197158,-15.068488159492201
344,0,393,-13.045637062948586,-14.832704389615593
345,0,394,-11.91121543197158,-14.832704389615593
346,0,395,-8.851555013072984,-15.346840790414069
347,0,396,-8.851555013072984,-15.346840790414069
348,0,397,-11.309932474020208,-11.142889858339325
349,0,398,-13.4742757956507,-14.582942329484068
350,0,399,-13.4742757956507,-14.582942329484068
351,0,400,-15.255118703057772,-11.725112015165081
352,0,401,-18.451011558557575,-13.225076309223448
353,0,402,-26.80180924898511,-16.548643873317587
354,0,403,-33.8304980769171,-18.156139444477265
355,0,404,-41.308614013548734,-23.939346178901275
356,0,405,-45.5256346064576,-21.590918958249432
357,0,406,-48.58527426874802,-22.297931694427053
358,0,407,-49.18491612511842,-20.67731270150451
359,0,408,-53.55082481539994,-24.717440911083393
360,0,409,-54.74364128703717,-24.904768808095184
361,0,410,-52.38604315126727,-31.890791801845722
362,0,411,-43.082516866798706,-24.77514056883193
363,0,412,-42.802571226766055,-33.58993519256253
364,0,413,-38.01371408098581,-32.47119229084849
365,0,414,-35.72485027156231,-32.499412176686626
366,0,415,-36.26706543650866,-38.111741723005316
367,0,416,-38.08877288097533,-45.216209462462366
368,0,417,-38.59114359656861,-44.35985033047647
369,0,418,-35.07598537679198,-43.994913994745815
370,0,419,-32.30994755843218,-42.663592799525546
371,0,420,-25.816944232796285,-38.525384184963336
372,0,421,-26.30768837339741,-41.54338082795799
373,0,422,-28.704415969181508,-40.96465526235025
374,0,423,-30.539351112712037,-39.80557109226518
375,0,424,-24.06191139749308,-41.738428518277345
376,0,425,-26.873542358866317,-33.8304980769171
377,0,426,-22.323607402044107,-31.654033729938607
378,0,427,-18.679279024236113,-27.349875780069883
379,0,428,-23.609882740081105,-28.30075576600637
380,0,429,-19.30630034060038,-28.30075576600637
381,0,430,-18.86899945506142,-30.209908199002747
382,0,431,-22.830564290657797,-26.959281970601587
383,0,432,-24.86789498747771,-27.20699383308254
384,0,433,-25.154110356695256,-27.20699383308254
385,0,434,-25.154110356695256,-23.86234351481666
386,0,435,-25.154110356695256,-23.920043172565187
387,0,436,-25.154110356695256,-25.70995378081126
388,0,437,-23.415114231060365,-21.44773632710536
389,0,438,-21.144455893315627,-21.501434324047896
390,0,439,-21.61026497608062,-16.443607513536502
391,0,440,-21.61026497608062,-13.727593260844856
392,0,441,-20.429518124163845,-15.786143063463376
393,0,442,-18.857363136364185,-11.691559464803671
394,0,443,-20.796323481097627,-13.664303186321176
395,0,444,-20.429518124163845,-11.437256218907596
396,0,445,-18.857363136364185,-9.503795801587831
397,0,446,-20.894693833184103,-11.421186274999279
398,0,447,-22.102736878453445,-11.166454194182714
399,0,448,-22.102736878453445,-13.276397042315972
400,0,449,-18.857363136364185,-13.596481866097644
401,0,450,-15.983415656134198,-10.60261310547595
402,0,451,-12.42594286542749,-6.709836807756939
403,0,452,-10.464987980694556,-8.770763282732155
404,0,453,-14.764540421002897,-5.355825042855191
405,0,454,-16.219199426010807,-5.215863915905422
406,0,455,-15.960529492624033,-5.0636168530300845
407,0,456,-16.302208783464273,-7.16936291861678
408,0,457,-16.260204708311957,-9.034168781898178
409,0,458,-16.12259877771719,-7.264977475851569
410,0,459,-17.478458753823855,-10.60261310547595
411,0,460,-18.8612253463568,-6.890061335165507
412,0,461,-15.802513953935518,-5.214070929424392
413,0,462,-15.802513953935518,-7.180535497720157
414,0,463,-13.797810472624343,-6.942795038427153
415,0,464,-13.516122577422879,-5.212911416614067
416,0,465,-15.255118703057772,-6.992402084471911
417,0,466,-13.71371333507225,-2.054808944834546
418,0,467,-14.048120702315455,-3.8428558337598857
419,0,468,-13.398904527683142,-1.9397573333806273
420,0,469,-11.628435688347448,-0.42089806326770873
421,0,470,-9.914043823010546,-3.8909631100394475
422,0,471,-10.163805883142073,-5.527540151656168
423,0,472,-11.599120072635927,-5.261018692893642
424,0,473,-11.599120072635927,-5.527540151656168
425,0,474,-10.304846468766023,-2.129390516394069
426,0,475,-11.545716243896816,-0.20987371156755422
427,0,476,-12.893744044882151,-5.042451069170908
428,0,477,-15.826154076172545,-5.194428907734808
429,0,478,-14.215853473673553,-3.405874027554188
430,0,479,-12.179181052524124,-2.1003708488177026
431,0,480,-15.191909361746431,-3.615778748839821
432,0,481,-13.763176288387417,-3.697049303573585
433,0,482,-14.828640200325351,-5.277740623592283
434,0,483,-19.194417572938796,-4.8713910315240865
435,0,484,-20.946630989935993,-6.438361988572629
436,0,485,-19.194417572938796,-9.727578551401603
437,0,486,-23.71618945136713,-10.304846468766023
438,0,487,-23.00887008282287,-10.269706467337517
439,0,488,-21.53210110765634,-11.976132444203357
440,0,489,-21.202818643809675,-9.249821450297095
441,0,490,-23.990987246047055,-10.975159746723271
442,0,491,-23.00887008282287,-15.255118703057772
443,0,492,-21.653010106716206,-10.269706467337517
444,0,493,-19.386537383859885,-10.201537814775794
445,0,494,-17.7187888774516,-5.7188264726223235
446,0,495,-20.1229410202392,-10.201537814775794
447,0,496,-21.485443317063424,-13.2405199151872
448,0,497,-22.023055496811253,-18.879284607446852
449,0,498,-18.92464441605123,-19.32510078930362
450,0,499,-23.690689402827395,-13.065730183105092
451,0,500,-23.07230297084275,-15.220032498311198
452,0,501,-24.221015129219015,-18.208484470580824
453,0,502,-20.22485943116808,-13.825561284967812
454,0,503,-17.381131926233646,-12.179181052524136
455,0,504,-18.53132514836419,-10.619655276155145
456,0,505,-14.463273562247394,-7.468983448683258
457,0,506,-16.91595583707296,-11.801253533131696
458,0,507,-19.17104253447971,-7.696051722016573
459,0,508,-19.499338113249525,-20.43597041210996
460,0,509,-20.024665348881367,-20.7609648734209
461,0,510,-22.602580111014085,-21.28863278782255
462,0,511,-24.341089936692505,-25.31059955439646
463,0,512,-31.779122106502385,-31.079039635079244
464,0,513,-26.375330746252676,-16.38954033403479
465,0,514,-26.307378351711353,-15.945395900922861
466,0,515,-22.361893798353307,-14.076965408129475
467,0,516,-17.42986281766782,-9.455383152771542
468,0,517,-17.548330248167158,-12.556380266942726
469,0,518,-17.811910985009956,-9.350005214893844
470,0,519,-15.49484859913863,-12.542626129861103
471,0,520,-15.292694180568517,-12.421151160959717
472,0,521,-15.49484859913863,-12.421151160959717
473,0,522,-15.292694180568517,-20.175445230816653
474,0,523,-12.435637035914151,-16.90707826283323
475,0,524,-17.911061864880427,-15.348586449693684
476,0,525,-18.656594833381448,-11.338437834610177
477,0,526,-18.94701266233991,-8.460393226948884
478,0,527,-18.266148614078908,-10.33583949468998
479,0,528,-19.44003482817619,-11.552616265164975
480,0,529,-18.94810288328219,-14.696137277397249
481,0,530,-14.825337960439466,-18.098907048459004
482,0,531,-13.2247427842146,-15.04212422134636
483,0,532,-9.91679060162142,-18.44719936357627
484,0,533,-13.029194807943746,-16.360093166540075
485,0,534,-12.893744044882164,-16.624478143964964
486,0,535,-15.826154076172545,-14.539677318096924
487,0,536,-15.80251395393553,-17.793006166917447
488,0,537,-18.478289041216374,-12.810403309674612
489,0,538,-18.59818422034095,-10.331104844339697
490,0,539,-20.74232181988421,-14.405455448551477
491,0,540,-22.281066714923103,-17.19619671568827
492,0,541,-23.976153600961865,-16.027668692735787
493,0,542,-25.604708984296575,-17.486614544646734
494,0,543,-23.965821868502236,-17.19619671568827
495,0,544,-26.980230718222852,-17.075997258957205
496,0,545,-26.980230718222852,-15.868055289510027
497,0,546,-25.287968261823043,-14.0755409785772
498,0,547,-25.287968261823043,-12.560566159777093
499,0,548,-25.120925646142148,-13.942367343006698
500,0,549,-29.978649451849858,-18.646655476058037
501,0,550,-32.64120894172878,-23.152306204508832
502,0,551,-33.18927547281357,-24.816105132523766
503,0,552,-40.88688305974598,-33.891457837247536
504,0,553,-46.77062126563073,-42.86980855401872
505,0,554,-47.1858008067756,-45.64194265600456
506,0,555,-46.275645867544455,-47.27826646992853
507,0,556,-43.24061457773803,-45.838043389573286
508,0,557,-42.55033737987296,-38.70633172320725
509,0,558,-42.87497196404511,-40.17314121887703
510,0,559,-33.7253308028623,-31.08815784297741
511,0,560,-31.405163665925038,-31.697464746589475
512,0,561,-33.9273771894754,-32.399393105984096
513,0,562,-30.856811664179713,-29.528671834479862
514,0,563,-31.3258920769029,-28.012141407354726
515,0,564,-29.302207482138677,-29.49401994092041
516,0,565,-32.292886498683416,-24.443954780416536
517,0,566,-36.19320730556469,-28.442928624363354
518,0,567,-43.84935694991219,-32.622746971599
519,0,568,-45.03453633066541,-38.715731739121935
520,0,569,-49.43092044323479,-47.88037755284761
521,0,570,-55.62356411633961,-37.75949399437954
522,0,571,-62.89733664317419,-39.76116724206459
523,0,572,-63.43494882292201,-47.840021148784714
524,0,573,-68.23237782565478,-48.901813202112066
525,0,574,-74.35214442075402,-48.456619172042004
526,0,575,-80.9975652384033,-59.54193006804019
527,0,576,-83.99099404250548,-63.65405207425607
528,0,577,-86.24504035917985,-64.13364320590549
529,0,578,-87.05772032975095,-63.083445383048655
530,0,579,-84.2788822888654,-59.67122452612958
531,0,580,-80.50293010769963,-52.51809691129243
532,0,581,-79.140496764678,-49.80837197596949
533,0,582,-78.33760306195313,-44.63813673029194
534,0,583,-77.2720712189489,-58.41463288328744
535,0,584,-71.43816320762322,-63.98060641633773
536,0,585,-64.78764555829247,-57.69134849159278
537,0,586,-63.35919420045444,-56.309932474020215
538,0,587,-66.32426472632105,-59.16705552263121
539,0,588,-71.25321451427267,-65.10503819463548
540,0,589,-69.02496761892343,-63.35227098779212
541,0,590,-68.54825136341151,-67.71712470780984
542,0,591,-63.21535572561003,-62.78388844269252
543,0,592,-68.47669907343838,-51.775216052183154
544,0,593,-69.51964268819076,-61.73116092153611
545,0,594,-59.21800599375342,-84.36308966590511
546,0,595,-22.424165173558123,-34.86778843419524
547,0,596,-29.431792721921564,-24.00037616921494
548,0,597,-28.875093397880416,-26.531238386956066
549,0,598,-27.64597536373868,-22.468809420083208
550,0,599,-23.75367758255146,-29.520632815718514
551,0,600,-8.234929852608554,-39.47245984834383
552,0,601,-17.104466626514405,-50.53583307090832
553,0,602,-13.758162719297129,-68.92036747544856
554,0,603,-10.803922733474282,-72.25532837494306
555,0,604,-5.753394388566975,-76.51991403550228
556,0,605,-6.403865488372415,-66.97971527851689
557,0,606,-4.0611167474678425,-46.325372843922175
558,0,607,-3.2256850756707283,-37.88383173681477
559,0,608,-3.631673156160365,-36.36951054705179
560,0,609,-1.7619469288550822,-32.09925200924318
561,0,610,0.0,-25.89582526489658
562,0,611,0.29686666732469,-21.74483039396607
563,0,612,-6.366740394078825,-21.760179620947557
564,0,613,-5.091813022390883,-21.498952053036845
565,0,614,-5.244045177023701,-16.749452294324318
566,0,615,-2.19057386403823,-10.217134676642415
567,0,616,1.615054614048839,-8.50748095415343
568,0,617,2.3236938239543994,-4.163303974211319
569,0,618,10.162753743581892,-2.3532968661083067
570,0,619,8.82037955202106,-8.398394886259002
571,0,620,51.2674814048493,-16.411143912681972
572,0,621,-87.29125182750536,-20.08023787465029
573,0,622,-109.36840234958605,-29.357753542791276
574,0,623,66.86637065977855,-9.777131015414717
575,0,624,-4.4556028333263225,-12.886482529203938
576,0,625,11.94757558181785,-19.779454370639446
577,0,626,2.9446336532522754,-8.88065915052024
578,0,627,6.426973775844075,-19.381248666673653
579,0,628,5.544073343958246,-5.619448605890158
580,0,629,3.426899226997135,-11.03314342184245
581,0,630,6.730483934615652,-7.958698575394649
582,0,631,8.40337109056082,-4.205357001708586
583,0,632,25.31866476615518,15.571507843899694
584,0,633,11.888658039627966,15.86430127089128
585,0,634,12.52704568376495,20.815224360140324
586,0,635,10.397468949439862,22.849762071649224
587,0,636,14.328939667661647,-175.64302499415373
588,0,637,20.433222186259904,-186.34019174590992
589,0,638,0.7328631542743854,-28.96005669395034
590,0,639,9.005660995272823,8.597146213184896
591,0,640,14.676393137450013,9.570325434511213
592,0,641,9.03948280335511,-3.508862311183691
593,0,642,34.47489212897168,-13.27104070646649
594,0,643,16.0677702973115,-7.172396700050551
595,0,644,74.2328174575243,-8.11606615171431
596,0,645,38.284650272072156,-35.061158323351954
597,0,646,25.11279320209479,-21.05553423323033
598,0,647,-239.34933204294714,-40.5202841460222
599,0,648,77.5417535599951,-39.342929293931675
600,0,649,24.49673761165064,-16.049004792533196
601,0,650,45.07271034106062,-15.358727594668121
602,0,651,-6.947833767806351,-17.863913449807246
603,0,652,7.594643368591453,-18.939845486899213
604,0,653,-174.19885326337905,-31.42956561483851
605,0,654,-168.08572644801424,-20.808916936776637
606,0,655,-170.98998015855548,-90.0
607,0,656,-167.06067639482887,-16.241625019963536
608,0,657,-165.1498582823063,-8.271152573845047
609,0,658,67.87127274931558,-9.701755274385498
610,0,659,27.84429770526461,-10.954062643398336
611,0,660,17.9920528134666,-15.093049787272202
612,0,661,16.36539725962288,-18.24831827935644
613,0,662,24.807580906334444,-9.65335402516627
614,0,663,15.161242578137998,-7.062107747168989
615,0,664,18.221159593044906,-1.36392753160292
616,0,665,19.58278097007618,0.38035263519685175
617,0,666,12.679433843262496,8.805514398520279
618,0,667,23.727794834946117,-247.61986494804043
619,0,668,32.04241990590686,-201.99864569480712
620,0,669,33.83192543402353,-188.09988129292427
621,0,670,29.248826336546973,-193.3808534536344
622,0,671,29.372254083231233,-186.0883792287738
623,0,672,20.879016880557415,-220.45624234853284
624,0,673,24.857267683894484,10.48339922026429
625,0,674,58.71077673738691,6.0262578759804475
626,0,675,44.043165710803954,2.8576728871932673
627,0,676,56.013065806695515,8.217045807169098
628,0,677,-279.0500367797525,3.324728671321677
629,0,678,-267.36324157385957,10.747359602880255
630,0,679,-225.21442931142386,11.608296733002103
631,0,692,222.7974018382342,209.74488129694222
632,0,693,222.9545915111128,216.27386422370128
633,0,694,227.25457496593503,216.6637986084599
634,0,695,236.91514707126504,222.27368900609375
635,0,696,-118.61045966596521,228.61388075200364
636,0,697,246.07749411698674,222.13759477388825
637,0,698,251.17965936934493,222.57245547317785
638,0,699,246.15318202476098,222.51044707800085
639,0,700,235.35905248808373,217.8749836510982
640,0,701,245.69545073406331,228.95926496890814
641,0,703,244.72609417551936,228.5447664555949
642,0,704,246.75989081281242,230.11041756103126
643,0,705,-114.77514056883193,-126.86989764584402
644,0,706,-107.36321401541478,-124.69515353123397
645,0,708,-99.24611274556324,-95.1944289077348
646,0,710,-145.91411300581078,254.6194391776947
647,0,711,-144.89667196766908,-116.56505117707799
648,0,712,-148.67130713219584,-122.57405713457253
649,0,713,-143.4985588794937,233.59122543222767
650,0,714,-136.71679821128987,-123.69006752597979
651,0,715,-129.2198098368905,-124.42341345503125
652,0,716,-112.78685346991641,-115.1640749732943
653,0,717,-109.51079944371328,-119.60445074600493
654,0,718,-97.12501634890178,-114.65417851171318
655,0,719,-105.68093803006434,-131.06879289711148
656,0,720,-100.79579457923623,-123.3197398514337
657,0,721,-104.75240341339689,-127.64762064010765
658,0,722,-103.73626830562256,-125.58437360845969
659,0,723,-112.16634582208245,-130.6012946450045
660,0,724,-111.1940564815423,-133.0585136090856
661,0,725,-108.88106934734404,-126.02737338510362
662,0,726,-119.44269116909187,-139.0902385255092
663,0,727,-120.19001158262147,-137.72631099390625
664,0,728,-124.80849814997232,-136.0809241866607
665,0,729,-118.85405661055032,-133.28822182094743
666,0,730,-123.11134196037203,-135.8519190649052
667,0,731,-120.79323388223963,-133.09084756700364
668,0,732,-114.11583964088796,-130.793331491905
669,0,733,-118.72032679786948,-122.57405713457253
670,0,734,-111.5684512556816,-112.54921667371788
671,0,735,-101.198026796954,-98.56914187983766
672,0,736,-89.44220057645411,-90.00000000000001
673,0,737,-80.34934847435231,-62.69329730921594
674,0,738,-67.0244455637602,-51.58194465517803
675,0,739,-58.293530015617186,-52.56142842766696
676,0,740,-69.8803668591817,-44.67629847507977
677,0,741,-59.53445508054013,-58.0552472237966
678,0,742,-104.89792719879728,-74.59862563627375
679,0,743,-91.77146974003408,-95.03193422282921
680,0,744,-120.15454791791618,-97.5729486405434
681,0,745,-84.8175853046102,-84.03377944703311
682,0,746,-55.54806541814212,-83.630146938614
683,0,747,-62.72762945437776,-84.62029840087459
684,0,748,-70.55996517182379,-73.30900807467941
685,0,749,-73.5442473154172,-92.26795453590584
686,0,750,-66.44773632710536,-67.66455743469609
687,0,751,-60.84395490364079,-52.334378801416705
688,0,752,-55.72038024624977,-46.994569301241846
689,0,753,-52.594643368591456,-50.968332197516936
690,0,754,-39.59620863975029,-24.552557535971843
691,0,755,-23.159657940129613,-0.36885185404020326
692,0,756,-23.098115773127834,-2.539680450340693
693,0,757,-23.71056191934819,4.716690775657775
694,0,758,-12.127091034930093,-1.4281308039015415
695,0,759,-17.113896648379434,-6.381560532593444
696,0,760,-18.381301104973414,-12.860461065540715
697,0,761,-11.76828893202064,-4.3987053549955375
698,0,762,-14.102201742143201,-11.079168211689785
699,0,763,-12.163871373420868,-2.2906100426385336
700,0,764,-9.70517863874269,-2.2906100426385336
701,0,765,-3.8299859084476053,1.3426240265377591
702,0,766,13.240519915187212,8.436904131405909
703,0,767,25.799695067904665,5.710593137499646
704,0,768,4.3474569075596765,0.5717951834732113
705,0,769,0.7938860894754137,0.0
706,0,770,4.763641690726179,-0.3684565253377041
707,0,771,18.43494882292202,4.3987053549955375
708,0,772,6.940340825621179,1.7662704860090483
709,0,773,4.218530541627325,12.777878116853682
710,0,774,9.68165844650545,41.106292444902856
711,0,775,14.790091800997251,54.27260177720031
712,0,776,22.98871680208063,1.974934010881973
713,0,777,30.999521683179207,-26.294790070583865
714,0,778,36.520649545752335,1.7556428016184393
715,0,779,25.717252916129517,32.811366798068114
716,0,780,19.53458223330299,16.55005370410422
717,0,781,11.085464358920126,3.7768818635241983
718,0,782,4.25383643611919,-5.183529957987414
719,0,783,3.3413199105399776,0.0
720,0,784,23.952084801910065,0.22557276963405268
721,0,785,39.805571092265204,2.8848051387706706
722,0,786,23.890218857112146,-4.106497165170418
723,0,787,14.861665828840614,3.507994975733827
724,0,788,10.119466733581369,4.899092453787762
725,0,789,3.814074834290351,1.684684317896282
726,0,790,5.972099387987229,2.1210963966614558
727,0,791,9.176629036954056,5.735096837283625
728,0,792,7.706643837479995,16.50436138175503
729,0,793,8.890423257363882,44.53887692192835
730,0,794,9.975126720458642,43.172031755694995
731,0,795,12.804266065286754,-232.69605172201656
732,0,796,18.881069347344024,-249.82455476918332
733,0,797,14.322719978203562,62.0830869473628
734,0,798,14.224550566581893,34.99202019855867
735,0,799,10.277687782454477,14.03624346792647
736,0,800,3.3664606634298058,3.8018959037663476
737,0,801,5.003037705046526,-0.434050632139411
738,0,802,7.282304093207509,-2.1008170984828816
739,0,803,-6.6112519567207775,1.2408697751307807
740,0,804,-3.1798301198642362,2.655292986532947
741,0,805,0.0,-1.789910608246062
742,0,806,5.723227267286742,-3.23100990036821
743,0,807,3.0127875041833407,0.40429818537157947
744,0,808,-4.070628348285105,0.6780249107513057
745,0,809,-1.2228768959372658,-0.991558721057768
746,0,810,0.549846646927754,-0.8012873301070107
747,0,811,5.4671015880888385,4.289153328819009
748,0,812,0.16139613512038348,20.47515711400966
749,0,813,-1.1088121277599217,59.17233770013197
750,0,814,-1.087763840384089,-227.25457496593503
751,0,815,3.1657887576865504,-222.27368900609375
752,0,816,5.823063676322924,85.85222346191912
753,0,817,2.2592898022866232,27.108122870801786
754,0,818,-1.5074357587749743,10.320676218194201
755,0,819,-4.68726587863921,6.818214571651876
756,0,820,-3.366460663429793,6.474671096204593
757,0,821,-7.1250163489017995,4.948333750024356
758,0,822,-3.569157150994665,5.260277686764569
759,0,823,-4.27849695333499,1.2614344227826166
760,0,824,-90.0,-1.1457628381751022
761,0,825,-181.30195267257886,-4.522454146401995
762,0,826,-247.24902365721238,-9.583574382079854
763,0,827,4.016777151946873,-1.7714697400340835
764,0,828,11.954482802493073,-4.175016776667415
765,0,829,5.893123290718281,-3.0347778233926044
766,0,830,4.383238521982939,-5.908493446959351
767,0,831,0.8473160797066681,1.5481576989779662
768,0,832,2.786689405560979,2.389433313872404
769,0,833,3.7046274420771135,5.875873932479736
770,0,834,7.442835890610039,34.935431792748126
771,0,835,18.401403288398388,-208.57781250168472
772,0,836,18.334076075887655,-226.3704510177996
773,0,837,12.77493089694662,78.91911853683766
774,0,838,7.791216319084936,17.65012421993013
775,0,839,5.114460337245181,4.0495817032713886
776,0,840,2.3794503031037753,3.7585556854720066
777,0,841,0.43105729284997185,-2.41902307005909
778,0,842,0.28918759861571947,-0.31850321432723905
779,0,843,0.636122412939666,-3.1798301198642362
780,0,844,-5.039210449309935,-4.655507428013615
781,0,845,-160.24399900253542,-31.893633431537037
782,0,846,-175.96592805338747,-18.96841366330034
783,0,847,-180.97981217384842,-21.27496997170672
784,0,848,-174.77407259103322,-15.461217740441903
785,0,849,-2.209481640109172,-4.999152455204154
786,0,850,-6.5819446551780185,-3.094058058917105
787,0,851,-1.9236205419414638,-3.563640062695245
788,0,852,-1.0525599416940907,1.4320961841646556
789,0,853,-1.0314001566909687,9.000446850395459
790,0,854,-3.4195833447790442,16.326853510565005
791,0,855,-0.5994108723305506,34.08588699418922
792,0,856,3.3468186417402084,-239.2753065292094
793,0,857,8.027237510431954,-194.8809412695418
794,0,858,5.300926516525692,-186.01985126864895
795,0,859,10.838211157251559,-241.61442448912638
796,0,860,5.849054048553895,31.3431932334925
797,0,861,1.391857995885554,17.897663997122507
798,0,862,1.9245372917485113,9.259058018617504
799,0,863,-0.5379727301122562,7.893344282248869
800,0,864,-1.4299084595091798,12.22512267573575
801,0,865,0.038531116930564276,8.509539055574953
802,0,866,1.4479262459891793,1.0000741281227181
803,0,867,-196.80645926512668,-8.706597914248405
804,0,868,-165.1980019165662,-24.56817135166054
805,0,869,-183.57633437499737,-14.88094126954179
806,0,870,3.5341465387519984,-15.014559916097335
807,0,871,-1.1100907146389147,-7.262812570754856
808,0,872,4.672983887406845,2.0710482316207726
809,0,873,7.477595859137982,11.91238954987371
810,0,874,9.950626687951598,22.597284441795168
811,0,875,5.789922653457954,63.843572008561864
812,0,876,16.513408559875476,-219.47611112156812
813,0,877,12.31852860482984,-151.6725577992615
814,0,878,17.904091342043095,-154.78200232187683
815,0,879,16.602341870260133,-240.97427481960287
816,0,880,14.695971397242628,26.809286696260326
817,0,881,8.14321951956626,12.572108622547038
818,0,882,6.584506161771131,5.864578533557019
819,0,883,4.512049973733873,2.897829476024155
820,0,884,0.10697481877675627,-3.236798313383755
821,0,885,-0.04230030941547396,1.5364189943702466
822,0,886,-5.4037913602497225,2.2254441484898835
823,0,887,4.414813248727217,4.767557209035741
824,0,888,-96.7889745744388,-30.453951277466533
825,0,889,-75.0124380289432,-16.563992230404313
826,0,890,-29.820660208467284,-23.077518911824782
827,0,891,3.2260708601437473,-1.4824290953388146
828,0,892,2.4171641045295753,-0.195452680725614
829,0,893,11.538201304173626,-1.6759263410818903
830,0,894,10.043967692243527,-0.8870895681903936
831,0,895,8.564152986295396,0.7073193685442584
832,0,896,7.345821132702083,9.054116070276988
833,0,897,8.011069141696028,19.72029618125528
834,0,898,12.31777448477363,21.835296714812785
835,0,899,10.085152283791492,39.44742811830015
836,0,900,6.5468382631992865,47.1552756207915
837,0,901,9.107693624678642,48.805427067468536
838,0,902,5.70408003311562,47.508616111399434
839,0,903,6.4846281933991445,42.18873259332585
840,0,904,5.801718569691904,31.880756404810214
841,0,905,4.153997621064291,24.872735486717517
842,0,906,1.4936503083310637,17.19984752360439
843,0,907,1.2612004107627186,15.677728785641028
844,0,908,2.7905787660955372,12.611011066684025
845,0,909,5.601649137955008,10.608085046200724
846,0,910,6.475891602480976,9.588858617835992
847,0,911,2.4155806774933044,8.43175350453305
848,0,912,2.6897703231504795,6.745579647482819
849,0,913,4.698070336437842,4.746723040551007
850,0,914,4.9320874282648495,4.556688344302923
851,0,915,7.057200692434988,5.403791360249709
852,0,916,5.346448103431955,3.234625232235778
853,0,917,13.50338581235056,2.3704080881691896
854,0,918,26.098157604240566,2.771401986895939
855,0,919,36.89286648787402,0.9214734467423555
856,0,920,30.015568005150115,-0.22407689342027465
857,0,921,20.81177256131045,-0.5733410154256466
858,0,922,18.54142444175551,-2.3952897968641738
859,0,923,16.53605311556953,-1.6594899364250804
860,0,924,12.788560579594819,-3.1851455107308055
861,0,925,10.94093922549361,-1.9620571081853935
862,0,926,11.623316298318215,-1.8429201697258035
863,0,927,14.655149531003206,-0.43112842173173527
864,0,928,11.266122033035094,1.8676788394341688
865,0,929,12.135835202690416,-0.05658840581052479
866,0,930,16.11591855075675,-6.760809070826365
867,0,931,16.409179993328774,-6.4125016633066
868,0,932,9.264795280959616,-1.7115160337891164
869,0,933,8.313542364934124,-3.9677044795740093
870,0,934,5.196489536380324,6.5886301655840915
871,0,935,1.9677970179551179,14.71387185833618
872,0,936,-1.9991560738617657,29.151956656504442
873,0,937,-2.7013361865589847,47.69900648800857
874,0,938,-3.749662967940873,77.38825115087842
875,0,939,-3.005884190320169,-264.2694828465826
876,0,940,-5.982010774924063,-247.81793789478928
877,0,941,-2.3141260712431406,-227.5113632671631
878,0,942,-1.2655330257242177,-223.29018595585845
879,0,943,8.558080416227886,-246.10008374846646
880,0,944,15.018072537488123,67.22139940180647
881,0,945,-0.5271063004302459,-261.2538377374448
882,0,946,7.593908637762401,43.62323365794787
883,0,947,1.8787092433933283,34.93724693350756
884,0,948,4.099853524498151,29.445428729925595
885,0,949,13.494097995042198,22.046626450056763
886,0,950,10.924951694659596,19.541803423663545
887,0,951,0.31798542066225094,8.75411798389628
888,0,952,2.4318249057522427,8.490448417543215
889,0,954,4.70210460816919,46.62497635752476
890,0,988,5.396292239899038,-5.0636168530300845
891,0,989,6.095861544595816,-4.267893300290814
892,0,990,9.162347045721717,-1.0353531865449472
893,0,991,9.162347045721717,-1.0353531865449472
894,0,992,9.162347045721717,-1.0353531865449472
895,0,993,9.162347045721717,1.8806782381866451
896,0,994,9.162347045721717,1.8806782381866451
897,0,995,9.162347045721717,1.8806782381866451
898,0,996,9.162347045721717,1.8806782381866451
899,0,997,9.162347045721717,1.8806782381866451
900,0,998,9.162347045721717,1.8806782381866451
901,0,999,9.162347045721717,1.269002763472847
902,0,1004,6.282492088161373,1.8806782381866451
903,0,1005,5.6061659514665925,-4.267893300290814
904,0,1006,5.6061659514665925,-4.267893300290814
905,0,1007,5.6061659514665925,-4.267893300290814
906,0,1008,5.6061659514665925,1.8806782381866451
907,0,1009,6.282492088161373,-1.3518618755592218
908,0,1010,6.095861544595816,1.8806782381866451
909,0,1011,6.095861544595816,0.0
910,0,1012,6.095861544595816,3.0664855011259
911,0,1013,6.828149681577097,-3.0664855011259
912,0,1014,6.828149681577097,-2.5208279077101756
913,0,1015,6.828149681577097,-2.5208279077101756
914,0,1016,6.282492088161373,3.0664855011259
915,0,1017,6.282492088161373,-3.0664855011259
916,0,1018,3.1221304621156993,-3.0664855011259
917,0,1019,3.1221304621156993,-3.0664855011259
918,0,1020,3.1221304621156993,-3.0664855011259
919,0,1021,6.282492088161373,-3.0664855011259
920,0,1022,6.282492088161373,-3.0664855011259
921,0,1023,3.1221304621156993,-3.0664855011259
922,0,1024,6.188615963241599,-3.0664855011259
923,0,1027,7.943471810590415,-0.33118578841539353
924,0,1028,5.178821231871052,-4.709754305239073
925,0,1041,7.733598099022861,-2.147585428298492
926,0,1042,1.8476102659945863,-3.621484704117347
927,0,1043,1.4057492610463271,-2.7263109939062624
928,0,1044,2.26278980713946,-1.3518618755592218
929,0,1051,-0.33118578841539353,-3.5561810942551233
930,0,1052,-3.327404241726569,-6.519801751656993
931,0,1053,-3.8474315816451807,-9.515105039259739
932,0,1054,0.5161642297648255,-12.094757077012098
933,0,1055,0.5161642297648255,-15.255118703057772
934,0,1056,0.5161642297648255,-15.422161318738667
935,0,1057,0.27026110649412816,-8.591225432227645
936,0,1058,-2.57792680489376,-8.130102354155971
937,0,1059,-2.9962184533111755,-6.818214571651876
938,0,1060,-3.0127875041833407,-9.46232220802561
939,0,1061,3.1798301198642362,-6.34019174590991
940,0,1062,0.0,-6.009005957494516
941,0,1063,0.0,-6.3596602397284725
942,0,1064,3.1798301198642362,0.0
943,0,1065,3.1798301198642362,-6.546290783294042
944,0,1066,0.0,-3.1798301198642362
945,0,1067,10.007979801441346,0.0
946,0,1068,6.995192297258005,0.0
947,0,1069,6.828149681577109,0.0
948,0,1070,10.227732411003872,0.0
949,0,1071,10.227732411003872,6.379248167613146
950,0,1072,3.9989738439468168,3.0127875041833407
951,0,1073,3.453316250531093,2.862405226111745
952,0,1074,0.44186100494825914,-3.6138807520036473
953,0,1075,3.262033477396753,-0.8998597149044049
954,0,1076,-2.19057386403823,-3.7517290705259763
955,0,1077,-1.847610265994599,-3.7517290705259763
956,0,1078,-1.3219756595369856,-4.021990177020104
957,0,1079,-1.3219756595369856,-4.021990177020104
958,0,1080,1.4772141914932064,1.8209288021912007
959,0,1081,7.231513957692684,-3.9989738439468168
960,0,1082,13.37675282985145,1.8476102659945863
961,0,1083,23.418450445695207,11.888658039627979
962,0,1084,26.56505117707798,11.888658039627979
963,0,1085,25.8518625420604,12.52880770915151
964,0,1086,19.580711661097123,12.52880770915151
965,0,1087,9.35297925009325,8.972626614896386
966,0,1088,11.710595729812363,2.6978056333162925
967,0,1089,5.517978105764786,2.2605019111412687
968,0,1090,-2.8201724724484936,2.0738713675757117
969,0,1091,-5.34396583655709,1.8639976560081575
970,0,1092,-2.419509216656339,-3.814074834290351
971,0,1093,2.6978056333162925,0.15038227807159557
972,0,1094,-4.75237851424199,-7.776429194909519
973,0,1095,-2.468117913828545,-7.6260469168379235
974,0,1096,3.221040215500486,-2.862405226111745
975,0,1097,0.25984302361194095,8.130102354155985
976,0,1098,9.35297925009325,0.0
977,0,1099,5.72481045222349,12.994616791916503
978,0,1100,2.862405226111745,14.036243467926484
979,0,1101,14.981632572390915,0.0
980,0,1102,9.202596972021654,3.0127875041833407
981,0,1103,6.009005957494529,2.7263109939062624
982,0,1104,11.575188817396203,2.6025622024998043
983,0,1105,6.34019174590991,2.0738713675757117
984,0,1106,6.34019174590991,-1.1457628381751022
985,0,1107,3.9835258138506635,-0.29841281999488317
986,0,1108,6.736011214119347,-0.5686739264890114
987,0,1109,6.694229131893171,-0.5161642297648255
988,0,1110,0.8425242607404141,-3.532294583890881
989,0,1111,0.6986943829834728,-2.9356734464211645
990,0,1112,-4.671378035349568,-5.335105740655725
991,0,1113,-2.1747441146100512,-3.5610248818378283
992,0,1114,3.1798301198642362,-3.778197707161578
993,0,1115,6.448326008622473,2.253532257614468
994,0,1116,9.666402483039764,1.789910608246062
995,0,1117,15.422161318738679,11.309932474020208
996,0,1118,13.37675282985145,2.82917583763028
997,0,1119,12.52880770915151,8.972626614896386
998,0,1120,8.130102354155985,-0.15038227807159557
999,0,1121,6.34019174590991,-0.15038227807159557
1000,0,1122,6.009005957494529,-6.009005957494516
1001,0,1123,0.0,-4.107274605257122
1002,0,1124,0.0,-2.57792680489376
1003,0,1125,-7.431407971172499,-12.610542003941138
1004,0,1126,-10.033970173672303,-12.734290795347608
1005,0,1127,-2.7263109939062624,-8.130102354155971
1006,0,1128,0.0,-5.4403320310055046
1007,0,1129,-2.6025622024998043,-2.7263109939062624
1008,0,1130,0.12374879140647103,-2.6025622024998043
1009,0,1131,3.1080309349998414,2.862405226111745
1010,0,1132,2.367178525610507,-19.07509849244555
1011,0,1133,0.22468817962449644,-17.06449780512241
1012,0,1134,4.969740728110311,-10.197205571091244
1013,0,1135,7.765166018425343,-3.1798301198642362
1014,0,1136,5.640549432156825,2.489552921999147
1015,0,1137,5.52754015165618,0.0
1016,0,1138,5.52754015165618,-0.23675807190711542
1017,0,1139,5.52754015165618,-0.23675807190711542
1018,0,1140,8.057986873656333,-2.950779109006358
1019,0,1141,10.784297867562607,-2.5918667052350033
1020,0,1142,11.30993247402022,-0.12374879140645831
1021,0,1143,8.583621480113946,2.6025622024998043
1022,0,1144,8.583621480113946,2.489552921999147
1023,0,1145,5.804454616041864,2.489552921999147
1024,0,1146,9.286095837128174,0.0
1025,0,1147,10.514208921280938,2.38594403038881
1026,0,1148,8.01709307365534,-2.6025622024998043
1027,0,1149,1.930587441166992,-4.969740728110298
1028,0,1150,4.813550893706538,-2.7263109939062624
1029,0,1151,4.567647770435841,-5.4403320310055046
1030,0,1152,11.309932474020208,-2.950779109006358
1031,0,1153,7.757250050043399,-11.309932474020208
1032,0,1154,3.8474315816451936,-11.888658039627979
1033,0,1155,3.3664606634298058,-14.03624346792647
1034,0,1156,6.756164494861596,-5.517978105764786
1035,0,1157,3.1798301198642362,-11.309932474020208
1036,0,1158,6.546290783294042,-10.784297867562595
1037,0,1159,0.0,-10.784297867562595
1038,0,1160,-11.69893760880266,-11.881157610358985
1039,0,1161,-14.41295864590189,-12.994616791916503
1040,0,1162,-13.840695491655618,-15.810173476127732
1041,0,1163,-13.971097640953644,-15.810173476127732
1042,0,1164,-17.605968062582487,-12.09475707701211
1043,0,1165,-28.835500847743077,-23.962488974578175
1044,0,1166,-40.35202930861296,-42.594029483354696
1045,0,1167,-49.16361262005326,-59.268443937373334
1046,0,1168,-58.92289884918814,-58.23350095411573
1047,0,1169,-70.26898767906087,-69.27027325930948
1048,0,1170,-76.42956561483851,-79.38034472384487
1049,0,1171,-86.0353452771439,-101.94417718844633
1050,0,1172,-97.12501634890178,-118.64960949213273
1051,0,1173,-105.21632671202299,-98.97262661489638
1052,0,1174,-57.66506376504235,-103.337549084943
1053,0,1175,-71.56505117707799,-102.64080713549903
1054,0,1176,-82.66562119858331,-99.84901451111702
1055,0,1177,-75.96375653207352,-101.30993247402021
1056,0,1178,-64.25340428461062,-94.54375765146715
1057,0,1179,-86.69325351975748,-98.13010235415598
1058,0,1180,-62.72762945437776,-108.74134044519273
1059,0,1181,-38.516926307102764,-93.7781977071616
1060,0,1183,-84.0938588862295,-103.67130713219584
1061,0,1192,-74.4384896746715,-80.02007885425544
1062,0,1219,-47.72631099390629,295.523424501068
1063,0,1234,255.96375653207352,253.69490437934343
1064,0,1290,-138.50353164478446,267.2736890060938
1065,0,1295,-145.1755108430432,-57.765565781058626
1066,0,1296,-160.26731050033902,-98.13010235415597
1067,0,1297,-153.22884978553788,238.67130713219584
1068,0,1298,210.74996730219644,205.70136113247838
1069,0,1299,-160.78450301679447,209.48640584958744
1070,0,1301,203.17339448206522,201.78116362870927
1071,0,1302,200.69545073406331,204.22774531795415
1072,0,1303,-152.7805083601342,215.56917629320634
1073,0,1304,-153.32845121413115,212.5740571345725
1074,0,1305,-152.2863151670565,-141.34019174590992
1075,0,1306,-135.00000000000003,-146.30993247402023
1076,0,1307,-146.43030158162756,-138.50799497573385
1077,0,1308,-148.45868460861502,216.18229257648707
1078,0,1309,-157.98871680208066,213.628525358978
1079,0,1310,-161.0076597443286,211.8462918055231
1080,0,1311,-162.49552727315637,209.7598919802543
1081,0,1312,-162.27237054562224,213.05582281155367
1082,0,1313,-152.29244939987768,-135.0
1083,0,1314,-156.4599607304857,-146.99083497903928
1084,0,1315,-140.5993393365206,-145.87352039525504
1085,0,1316,-147.52880770915152,-139.3987053549955
1086,0,1342,-126.21755928333577,-125.60089488237118
1087,0,1343,-123.48458443978367,-111.09794958898915
1088,0,1344,-127.2030088897654,-101.36460400276441
1089,0,1345,-118.38335414152982,-96.05173210879401
1090,0,1346,-102.8580901729982,-87.73524545177659
1091,0,1347,-105.85192815428697,-70.37774386134917
1092,0,1348,-92.7791668640721,-69.25644198965715
1093,0,1353,-51.62705943287244,-51.581944655178006
1094,0,1354,-31.13897243697884,-40.69133508347512
1095,0,1355,-34.70311902256498,-42.93618027154304
1096,0,1356,-22.28558764683277,-32.33493623495764
1097,0,1357,-18.67170689482912,-28.171937093324754
1098,0,1358,-22.131998126495606,-30.415690000988743
1099,0,1359,-73.2173558547293,-52.23024263925158
1100,0,1360,-47.52082790771017,-39.56452230936355
1101,0,1361,-46.82408983237612,-42.98079284895163
1102,0,1362,-30.10981763267287,-38.11076742097481
1103,0,1363,-24.8803668591817,-28.320693978696443
1104,0,1364,-28.025757266502573,-33.33419769535791
1105,0,1365,-23.43886877516235,-31.87016078328838
1106,0,1366,-21.25890911216436,-29.08997185971651
1107,0,1367,-23.93184132865757,-30.97808405853484
1108,0,1368,-26.444301557083637,-28.495638618244985
1109,0,1369,-25.310104567013838,-31.266178663392083
1110,0,1370,-18.385470614570835,-30.96375653207353
1111,0,1371,-14.9768359395421,-26.88468958778018
1112,0,1374,-3.0379872296570207,-9.814786672052266
1113,0,1375,-2.3320236816230624,-12.52880770915151
1114,0,1376,-14.320523306828129,-25.016893478100013
1115,0,1377,-16.189206257026946,-33.015369220125784
1116,0,1378,-9.637538112930946,-44.12129927208833
1117,0,1379,-10.124671655397822,-37.81946450227984
1118,0,1380,7.5184268794421865,-44.32140151773208
1119,0,1381,-24.8803668591817,-45.9364003856602
1120,0,1382,-28.416778110655184,-38.44644770102776
1121,0,1383,-22.186677893447985,-35.77868142058143
1122,0,1384,-26.04181659489381,-32.67750336244744
1123,0,1385,-40.60129464500447,-35.21759296819271
1124,0,1386,-35.55884357583357,-33.690067525979785
1125,0,1387,-34.43000877917292,-33.690067525979785
1126,0,1388,-31.82744657667312,-35.43042262052658
1127,0,1389,-26.80920785052105,-28.190027534602752
1128,0,1390,-24.341089936692505,-28.330458085540062
1129,0,1391,-24.8803668591817,-23.83492224624707
1130,0,1392,-26.241349652157762,-22.473939453271004
1131,0,1393,-19.84069808396835,-24.681000945986185
1132,0,1394,-23.18732733716401,-28.474203610074362
1133,0,1395,-20.565430277568826,-24.227745317954177
1134,0,1396,-13.979979218077723,-14.470294100065894
1135,0,1397,-9.462322208025622,-16.08643805755069
1136,0,1398,-14.432062936135921,-19.2692943984688
1137,0,1399,-9.954941562392166,-17.44520456609269
1138,0,1400,-6.009005957494529,-11.371907333044254
1139,0,1401,-10.491477012331606,-11.052714091969726
1140,0,1402,5.1450906917847625,-2.2279629011914506
1141,0,1403,5.517135978988058,0.8012873301070107
1142,0,1404,9.859136499024276,0.3105431895058986
1143,0,1405,9.334998463138234,0.8012873301070107
1144,0,1406,7.553169775029245,-1.0504396034701797
1145,0,1407,7.954214097730288,-0.4658090827649939
1146,0,1408,12.2647737278924,4.976685671047578
1147,0,1409,9.112880078835474,-2.1210963966614558
1148,0,1410,8.450698893602036,-2.5307630176354095
1149,0,1411,10.895113632290375,-2.228950133927735
1150,0,1412,6.0517321087940115,-2.594151195585315
1151,0,1413,4.3987053549955375,0.0
1152,0,1414,3.7503033767989624,3.2052159310135075
1153,0,1415,8.85907983624919,-4.391546067326554
1154,0,1416,6.3596602397284725,-2.019207151048367
1155,0,1417,3.1896544989711546,-1.9091524329963774
1156,0,1418,2.054572880925697,-14.620873988631656
1157,0,1419,6.96918052416087,-23.057056201344153
1158,0,1420,4.660545482580328,-30.302680720488084
1159,0,1421,6.771228251673228,-39.737604600404886
1160,0,1422,8.018196677089776,-60.724745722747436
1161,0,1423,8.569141879837645,-70.5599651718238
1162,0,1424,3.656787089984654,-53.88065915052025
1163,0,1425,-1.2408697751307933,-53.88065915052025
1164,0,1426,-1.5231127114016472,-42.46923698236459
1165,0,1427,-2.2754564382542095,-23.148462985306654
1166,0,1428,-6.062793572403782,-3.686230242785444
1167,0,1429,-4.801573349873755,-4.7950423705453655
1168,0,1430,-6.3596602397284725,-1.9512057766588204
1169,0,1431,0.0,-1.9091524329963774
1170,0,1432,0.3547680946444547,-8.387996094191225
1171,0,1433,0.33311124392137287,-7.905414174531475
1172,0,1434,0.5161642297648382,-7.500503745745708
1173,0,1435,0.5161642297648382,-5.710593137499633
1174,0,1436,0.33311124392137287,-3.576334374997347
1175,0,1437,0.33311124392137287,-5.527540151656168
1176,0,1438,5.9940929491084765,-1.7325246699887542
1177,0,1439,0.5161642297648382,-5.527540151656168
1178,0,1440,0.6681420683287247,-3.6201204539267997
1179,0,1441,0.33311124392137287,-2.0593108927390222
1180,0,1442,4.228182705161648,-3.6201204539267997
1181,0,1443,4.228182705161648,-5.389311759973408
1182,0,1444,2.2423638785825,-5.616674770963959
1183,0,1445,2.539680450340693,-5.909959050695158
1184,0,1446,2.2423638785825,-7.726617619097218
1185,0,1447,2.437911854853353,-7.726617619097218
1186,0,1448,2.437911854853353,-7.372436437475641
1187,0,1449,2.209481640109172,-9.46232220802561
1188,0,1450,6.34019174590991,-5.562468751646288
1189,0,1451,8.426969021480675,-5.562468751646288
1190,0,1452,9.14982246573035,-7.777637890129327
1191,0,1453,6.691264432552283,-7.426642456793312
1192,0,1454,7.02324775341446,-7.477662727825421
1193,0,1455,7.02324775341446,-9.162347045721702
1194,0,1456,7.4172977957415975,-10.954062643398336
1195,0,1457,4.958739762563529,-10.954062643398336
1196,0,1458,4.553767979158624,-4.081891436708792
1197,0,1459,8.701566404085531,-4.081891436708792
1198,0,1460,6.34019174590991,-3.7585556854720066
1199,0,1461,4.553767979158624,-5.71580231827563
1200,0,1462,4.553767979158624,-2.0853371196716335
1201,0,1463,4.553767979158624,-4.081891436708792
1202,0,1464,8.334761047151748,-5.48843930728508
1203,0,1465,8.388967066469432,-2.0853371196716335
1204,0,1466,7.992496423561218,-1.8279682443050145
1205,0,1467,6.206072656809933,-1.8916500571010653
1206,0,1468,6.206072656809933,-1.8916500571010653
1207,0,1469,7.992496423561218,-1.8916500571010653
1208,0,1470,9.899458567193127,-3.5578518661180873
1209,0,1471,9.953664586510811,-1.8316522173004255
1210,0,1472,10.004684857542907,-3.764684771660609
1211,0,1473,9.57422788509183,-3.764684771660609
1212,0,1474,9.57422788509183,-3.4513107979763267
1213,0,1475,13.570434385161489,-3.764684771660609
1214,0,1476,12.09475707701211,-3.764684771660609
1215,0,1477,6.206072656809933,-5.527540151656168
1216,0,1478,8.388967066469432,-3.764684771660609
1217,0,1479,5.082220586226902,-8.88065915052024
1218,0,1480,1.1434764942212872,-8.88065915052024
1219,0,1481,0.8848065608345144,-11.941423510382743
1220,0,1482,1.6103006024989917,-14.315495956616957
1221,0,1483,1.7899106082460747,-12.502220342376303
1222,0,1484,1.6103006024989917,-15.81841374433948
1223,0,1485,-0.22468817962449644,-13.887244977304158
1224,0,1486,9.294386783464148,-10.428816849498205
1225,0,1487,9.248950013042023,-13.71371333507225
1226,0,1488,6.790391979863955,-13.71371333507225
1227,0,1489,6.790391979863955,-13.71371333507225
1228,0,1490,6.790391979863955,-13.398904527683142
1229,0,1491,10.124671655397822,-13.020767305624673
1230,0,1492,8.439987337501528,-13.48467658863026
1231,0,1493,8.439987337501528,-13.398904527683142
1232,0,1494,12.09475707701211,-15.433145337243309
1233,0,1495,6.4159463683774876,-15.351874782509531
1234,0,1496,7.477662727825421,-16.490120902204623
1235,0,1497,6.095861544595816,-16.974550705228832
1236,0,1498,5.79588638229191,-13.398904527683142
1237,0,1499,6.095861544595816,-18.262458286794175
1238,0,1500,7.195974832623957,-17.87598334208984
1239,0,1501,5.610171227336681,-18.1409833178928
1240,0,1502,2.225923895114025,-20.835485927850186
1241,0,1503,2.8310016778652742,-20.835485927850186
1242,0,1504,5.146943604904654,-21.111132288486736
1243,0,1505,5.146943604904654,-18.934761585512245
1244,0,1506,5.018765341081115,-18.934761585512245
1245,0,1507,5.018765341081115,-19.225185325351195
1246,0,1508,5.489208228495183,-22.24555391946374
1247,0,1509,9.08196957282877,-22.568991905237922
1248,0,1510,5.977488554330339,-22.71441235316724
1249,0,1511,8.480628333915236,-21.1475520965573
1250,0,1512,3.7517290705259763,-24.00714662688581
1251,0,1513,3.37968378332268,-21.43964141623621
1252,0,1514,6.596373725839721,-20.944015547713164
1253,0,1515,8.130102354155971,-20.944015547713164
1254,0,1516,8.130102354155971,-22.961320906916324
1255,0,1517,6.596373725839721,-23.875280853927514
1256,0,1518,7.020779145201199,-28.065522012732384
1257,0,1519,7.020779145201199,-27.945405250522434
1258,0,1520,4.457008933736192,-30.112451423554052
1259,0,1521,2.5536200838119236,-27.303877251486476
1260,0,1522,3.980368186519201,-27.303877251486476
1261,0,1523,2.9299046406097142,-24.45653896196536
1262,0,1524,2.767594084673015,-24.45653896196536
1263,0,1525,3.814074834290364,-21.572970010986342
1264,0,1526,5.377282413202206,-20.838607610707264
1265,0,1527,-1.9091524329963774,-15.945395900922849
1266,0,1528,3.1870916355424477,-11.87659238358428
1267,0,1529,-3.0996321205313113,-11.633633998940438
1268,0,1530,3.132885616224764,-11.096711524986866
1269,0,1531,1.397181027296373,-10.082299193899185
1270,0,1532,4.516221602152338,-6.714387522930487
1271,0,1533,-6.608186995104709,-12.87500155961247
1272,0,1534,-0.41551408182994337,-16.557071375636646
1273,0,1535,-2.1075336606115243,-11.908300061317563
1274,0,1536,-0.5635468708140067,-11.908300061317563
1275,0,1537,1.2228768959372784,-11.908300061317563
1276,0,1538,2.6087947467494623,-10.514208921280938
1277,0,1539,5.389311759973408,-7.560455889667725
1278,0,1540,4.2194365438122325,-9.632051062620851
1279,0,1541,2.34413247406984,-12.575465499744427
1280,0,1542,0.9226926653892165,-14.113844927716883
1281,0,1543,2.205737140533995,-13.633113588991844
1282,0,1544,-0.4080826970718123,-19.855214369321054
1283,0,1545,-1.6226759227192993,-19.855214369321054
1284,0,1546,1.109323208954773,-15.945395900922861
1285,0,1547,2.761955526511848,-14.782726042615678
1286,0,1548,-1.7508541865428382,-20.37643521383638
1287,0,1549,-3.4045182994887453,-19.855214369321054
1288,0,1550,-1.9634190073665976,-19.855214369321054
1289,0,1551,-1.7508541865428382,-19.855214369321054
1290,0,1552,1.5414053679855348,-19.10340519377967
1291,0,1553,1.128217431811967,-15.890144443108912
1292,0,1554,-0.4307872170086288,-12.742996541346296
1293,0,1555,-0.33481447676239307,-10.22216863363612
1294,0,1556,1.2990964048044442,-9.424037519508897
1295,0,1557,-0.2525881337316392,-12.369354459616954
1296,0,1558,4.498982267728465,-8.110560820291226
1297,0,1559,3.0337580689130927,-9.135522678539301
1298,0,1560,1.5911402711945943,-11.888658039627979
1299,0,1561,-1.2015620945186885,-10.175510843043202
1300,0,1562,0.6401496695235306,-5.973539679441181
1301,0,1563,0.8575349440524997,-6.163637785860219
1302,0,1564,3.8474315816451936,-3.4438641011233453
1303,0,1565,5.267697128044239,-3.1297025915226904
1304,0,1566,7.442441242654291,-4.6450784258915965
1305,0,1567,6.1199303436476145,-6.009005957494516
1306,0,1568,5.823063676322924,-5.856013585428952
1307,0,1569,7.145574575329601,-6.009005957494516
1308,0,1570,8.517230108306938,-7.305759533310819
1309,0,1571,8.210838486036225,-7.305759533310819
1310,0,1572,8.210838486036225,-7.1250163489017995
1311,0,1573,7.890515664228471,-8.39804636895851
1312,0,1574,7.1250163489017995,-8.39804636895851
1313,0,1575,10.577519149120066,-12.125434807176925
1314,0,1576,12.223917767855868,-13.530493102322884
1315,0,1577,10.212000793545336,-11.951875130024769
1316,0,1578,10.212000793545336,-12.178339482365955
1317,0,1579,12.704023614056846,-13.273850789561754
1318,0,1580,14.036243467926484,-13.273850789561754
1319,0,1581,14.42077312751099,-13.530493102322884
1320,0,1582,13.240519915187212,-16.33260627212616
1321,0,1583,13.626994859891546,-17.68846624823281
1322,0,1584,13.240519915187212,-18.033617371396947
1323,0,1585,10.388269732172088,-16.25671786681718
1324,0,1586,10.03690245396351,-17.61257784292383
1325,0,1587,11.255777689094797,-15.017689350943641
1326,0,1588,8.513987929750348,-14.718062787930995
1327,0,1589,8.82037955202106,-18.95258562382355
1328,0,1590,11.28344344238316,-14.766700959195996
1329,0,1591,10.92743870732408,-14.48070110740092
1330,0,1592,10.955104460612443,-14.158794199731073
1331,0,1593,9.763820480570661,-14.385367119650631
1332,0,1594,8.276474775980914,-14.158794199731073
1333,0,1595,10.142863678762687,-18.959271602696152
1334,0,1596,9.81452469699197,-18.621579366487577
1335,0,1597,8.100169491994366,-16.281986033821543
1336,0,1598,6.635320755772576,-16.238841629692278
1337,0,1599,9.268336023210766,-16.238841629692278
1338,0,1600,5.885987833028262,-18.19113846681792
1339,0,1601,3.964654722856126,-25.809448551455755
1340,0,1602,4.254939922652123,-22.22404547983098
1341,0,1603,9.296328139816614,-16.758958417180907
1342,0,1604,8.972626614896399,-17.651197717382146
1343,0,1605,7.806400829235756,-17.338109142361482
1344,0,1606,8.130102354155971,-17.402704131356277
1345,0,1607,7.500009206965043,-13.512530635786014
1346,0,1608,4.795463836586621,-15.252972552573212
1347,0,1609,3.042648265197933,-21.081460732613554
1348,0,1610,3.0291933505775734,-17.288872074831378
1349,0,1611,2.9324100312903947,-17.19566608059051
1350,0,1612,4.44738485009049,-17.378187325187614
1351,0,1613,10.695168615645937,-16.749379737437025
1352,0,1614,7.838204983919392,-17.657159432871516
1353,0,1615,9.551352180504155,-17.57125877832243
1354,0,1616,8.146865308479656,-17.306114026261376
1355,0,1617,8.146865308479656,-15.007989228122772
1356,0,1618,11.033921219252258,-16.166994287016177
1357,0,1619,8.834008063950987,-16.166994287016177
1358,0,1620,8.088643765506609,-17.260613489148078
1359,0,1621,9.560986429465983,-17.026945210772155
1360,0,1622,9.890900899440272,-16.166994287016177
1361,0,1623,9.491085147132038,-18.144881057685406
1362,0,1624,10.389773449181286,-15.708637829015744
1363,0,1625,9.2467531293693,-17.026945210772155
1364,0,1626,10.090146886168652,-15.85064817351035
1365,0,1627,8.947126566356665,-16.802257031147647
1366,0,1628,11.745633425287949,-16.909271810540783
1367,0,1629,6.559784843221899,-14.676393137450013
1368,0,1630,6.559784843221899,-16.89202453694537
1369,0,1631,6.322325896937001,-16.89202453694537
1370,0,1632,6.386920885931795,-16.80612388239628
1371,0,1633,3.9269449754313004,-14.774320949746851
1372,0,1634,4.214738090082506,-15.892256796660101
1373,0,1635,4.214738090082506,-15.832386620422204
1374,0,1636,6.449086264264673,-15.647118823502879
1375,0,1637,5.372759040501173,-15.647118823502879
1376,0,1638,5.610217986786072,-15.3512883284517
1377,0,1639,5.372759040501173,-15.18387748454847
1378,0,1640,5.689850707592867,-15.3512883284517
1379,0,1641,7.073537674961383,-15.3512883284517
1380,0,1642,14.496646072227824,-19.453433170635165
1381,0,1643,13.736268305622565,-17.899743084528186
1382,0,1644,13.736268305622565,-18.62983167516061
1383,0,1645,8.305269561225577,-16.087238791130076
1384,0,1646,7.231513957692684,-17.44485044031926
1385,0,1647,4.632366441445096,-16.352383543191127
1386,0,1648,12.196421128961951,-18.862950364149437
1387,0,1649,12.629043201337314,-16.421594222811777
1388,0,1650,5.773154473342565,-16.294683885442605
1389,0,1651,13.134022306396329,-20.629879946126184
1390,0,1652,3.8313993921540854,-18.121860247901356
1391,0,1653,10.590776357475129,-18.167629862836222
1392,0,1654,12.878910399796961,-18.422843228444837
1393,0,1655,10.969757966800584,-19.14427782426626
1394,0,1656,10.914113005810771,-19.94238458169697
1395,0,1657,11.554262675334302,-19.14427782426626
1396,0,1658,12.526325438140447,-20.010870586685225
1397,0,1659,11.609907636324113,-18.084520290267882
1398,0,1660,14.268443937373334,-16.35260475643831
1399,0,1661,12.630984648562784,-20.569356404857746
1400,0,1662,13.547402450379117,-17.185706144224763
1401,0,1663,10.221752297377964,-22.939100532791738
1402,0,1664,10.295777811115718,-23.185610635406853
1403,0,1665,8.366581233396156,-19.295322721461982
1404,0,1666,8.2951401488323,-19.959571596333877
1405,0,1667,8.735197262782256,-17.819550582088414
1406,0,1668,9.447311524713536,-19.823920403770558
1407,0,1669,8.735197262782256,-18.73713895077237
1408,0,1670,8.280682242721747,-19.45632129149909
1409,0,1671,7.226865346033374,-19.164211326714785
1410,0,1672,5.853283889125521,-17.838703956692395
1411,0,1673,10.25471894042449,-23.96248897457819
1412,0,1674,13.125265500792331,-20.115832425764967
1413,0,1675,15.722965355477069,-21.569888030441646
1414,0,1676,10.838478740919538,-9.865806943084364
1415,0,1677,11.213401155546379,-9.495066051855142
1416,0,1678,10.788513737428296,-10.923122248282736
1417,0,1679,11.35246830845749,-11.694136920423508
1418,0,1680,14.801998083433807,-13.196707835834479
1419,0,1681,13.526394594055011,-10.91091347380034
1420,0,1682,13.94923399872551,-11.12330193045464
1421,0,1683,14.277753753705747,-8.437167629331855
1422,0,1684,13.967789761532746,-8.273932231912912
1423,0,1685,14.85861444792466,-8.449740764858172
1424,0,1686,14.004114996800622,-8.273932231912912
1425,0,1687,11.81202479709497,-7.849108856575338
1426,0,1688,13.126863018727333,-8.690871450971322
1427,0,1689,11.828833011700604,-6.801960450240223
1428,0,1690,10.870442822931722,-6.91498066794811
1429,0,1691,13.240519915187212,-6.789387314713904
1430,0,1692,12.809732698178584,-7.6730888988889525
1431,0,1693,11.0399564689088,-8.370119176739735
1432,0,1694,12.730265648561627,-8.527457730527228
1433,0,1695,12.31852860482984,-8.503055781613742
1434,0,1696,14.891340864193202,-8.39452112565322
1435,0,1697,14.016150261836975,-8.809700666798093
1436,0,1698,14.095617311453932,-9.475575915749685
1437,0,1699,14.552407697691322,-9.60618743593807
1438,0,1700,9.446185279619675,-4.6668583714389875
1439,0,1701,10.25966053214573,-5.599339336520562
1440,0,1702,9.297350681537653,-5.710593137499633
1441,0,1703,11.949969711798557,-7.649702867733317
1442,0,1704,12.397995654446799,-7.776780959569075
1443,0,1705,13.3924977537511,-6.981057406829792
1444,0,1706,13.093290874677136,-8.04922512281732
1445,0,1707,11.627937460928477,-7.920739901641083
1446,0,1708,11.234054118812738,-9.255969236006724
1447,0,1709,14.629521755453485,-6.731687656965381
1448,0,1710,13.869443998782984,-5.946863053973491
1449,0,1711,13.412653612545595,-5.82634202955577
1450,0,1712,11.321148613422721,-6.709836807756926
1451,0,1713,15.052780122733896,-10.820834041610043
1452,0,1714,16.411421478479166,-9.039791288005205
1453,0,1715,14.514266293668436,-9.190867482410676
1454,0,1716,16.13841857163405,-7.523820438638622
1455,0,1717,16.13841857163405,-5.837885452289304
1456,0,1718,16.514928529373414,-6.458816378718651
1457,0,1719,15.406828267786556,-6.458816378718651
1458,0,1720,16.75323402187083,-8.277668771709392
1459,0,1721,14.193865572389322,-6.458816378718651
1460,0,1722,16.777334227812272,-10.05242219449977
1461,0,1723,15.988004885501644,-11.419427402337421
1462,0,1724,15.078676490754585,-11.755062759699452
1463,0,1725,15.792403528857285,-9.171028224369389
1464,0,1726,15.264811233614866,-9.02974116014597
1465,0,1727,14.38463805440517,-8.88395068722674
1466,0,1728,12.710870624004299,-8.88395068722674
1467,0,1729,13.943230920553663,-7.765166018425343
1468,0,1730,12.804266065286754,-6.881723630636945
1469,0,1731,13.677701342624484,-7.510234025441766
1470,0,1732,11.720280190289275,-6.44160009933503
1471,0,1733,12.881977789885214,-8.84626229962638
1472,0,1734,13.925056096875208,-9.229459992931599
1473,0,1735,12.025279609635337,-8.79630232433912
1474,0,1736,11.71859729501036,-9.631169792459998
1475,0,1737,11.367625676228498,-10.610221005190382
1476,0,1738,14.312838869540776,-10.939490785509822
1477,0,1739,14.141381258651334,-10.264261542305656
1478,0,1740,10.9591606870197,-10.738897100905435
1479,0,1741,12.197621920736129,-12.325962751402681
1480,0,1742,13.600542516658741,-10.738897100905435
1481,0,1743,11.928287686631469,-10.561010691196378
1482,0,1744,9.541415467609603,-9.78240703180728
1483,0,1745,7.836781813356064,-8.507420795072369
1484,0,1746,9.916140674026085,-8.530765609948126
1485,0,1747,11.324448759372927,-9.78240703180728
1486,0,1748,9.426445080896862,-10.491477012331593
1487,0,1749,10.355321759761159,-11.51383118448701
1488,0,1750,8.290644280092694,-6.766174822553052
1489,0,1751,15.535222946812148,-5.363069420046718
1490,0,1752,12.253819908338162,-6.272217053961754
1491,0,1753,13.347585057844661,-7.471559176592373
1492,0,1754,13.944819513436313,-8.392925187392494
1493,0,1755,13.682209426882507,-9.894570695691224
1494,0,1756,13.573157827478713,-8.259437979878806
1495,0,1757,12.01900245454452,-7.1250163489017995
1496,0,1758,11.587330647526349,-5.877392606643132
1497,0,1759,9.34598138522722,-7.210269933543934
1498,0,1760,12.630588519678513,-6.7464604570188484
1499,0,1761,10.314209289094988,-6.02390938227198
1500,0,1762,10.535064333837665,-5.622814156782416
1501,0,1763,7.697239814904167,-3.14797495650649
1502,0,1764,9.223155198449444,-3.2427054826454182
1503,0,1765,11.730775332287388,-2.5703235431890445
1504,0,1766,9.855756815225142,-9.76871383029632
1505,0,1767,9.672703829381664,-7.586080816959369
1506,0,1768,10.585535417444259,-9.57165762421578
1507,0,1769,8.801352311703305,-8.148931068401975
1508,0,1770,14.442984174957349,-1.0761663230643599
1509,0,1771,17.278760411260492,-1.6987749026263892
1510,0,1772,16.215864912027378,-4.830419958289938
1511,0,1773,14.802996767336282,-5.957131114708221
1512,0,1774,16.3358041841582,-3.7585556854720066
1513,0,1775,15.751173663453027,-0.9487998766051702
1514,0,1776,14.569664579084765,-0.1692178123655954
1515,0,1777,17.8367547634957,-0.7345210342548097
1516,0,1778,13.227796002557577,1.3041288197734353
1517,0,1779,11.708797446051648,-1.9266128458063643
1518,0,1780,13.355974266381116,-1.2183267900874248
1519,0,1781,14.595910926086782,-1.1573330681295224
1520,0,1782,13.809687272538655,-0.5906572146466702
1521,0,1783,15.101822095677058,3.1684234348640152
1522,0,1784,16.095876919366574,0.6585431775636117
1523,0,1785,13.773661532170696,1.8319839048587532
1524,0,1786,10.619655276155132,-4.355967062571348
1525,0,1787,9.971925606104344,-1.8402964299146476
1526,0,1788,10.034545674027989,-1.8636580051454223
1527,0,1789,6.937469458951375,-1.2590452071752638
1528,0,1790,7.796991110234612,-0.6997066733526389
1529,0,1791,13.081402214054304,3.9049354710934763
1530,0,1792,12.880069022807763,4.417641412973553
1531,0,1793,13.031467335831337,3.8693096471011055
1532,0,1794,11.661281952165112,3.832366991108822
1533,0,1795,9.121225932171674,-0.658030438417498
1534,0,1796,5.9468630539735035,0.4665502288385743
1535,0,1797,5.943066085514236,0.47245518393598984
1536,0,1798,6.869992308214258,0.468687978326491
1537,0,1799,9.53173187432618,1.5481576989779662
1538,0,1800,8.624457347796595,4.2316627393146415
1539,0,1801,10.865688225954946,2.0454084888872304
1540,0,1802,10.081556239139651,3.1578730658911884
1541,0,1803,10.772552743584505,3.6679805193715804
1542,0,1804,9.134303514108176,4.735324507548559
1543,0,1805,8.757856983389797,4.771719482793506
1544,0,1806,9.17267383466949,3.062267246381651
1545,0,1807,9.449541530228874,3.074069075525243
1546,0,1808,12.938056317186446,4.633874966145829
1547,0,1809,10.782391376380625,3.0087539748901575
1548,0,1810,11.903017883816815,4.5075644575180185
1549,0,1811,11.59833161307313,4.498982267728465
1550,0,1812,16.299295043662404,6.063592192455208
1551,0,1813,12.161866131427027,4.421559673493483
1552,0,1814,19.3222202566989,12.374321764347739
1553,0,1815,18.250444844952884,12.886542145735804
1554,0,1816,11.364831000349707,2.8155566842112285
1555,0,1817,9.297797808783299,5.865210726327186
1556,0,1818,7.6844465521332275,4.455835232382505
1557,0,1819,8.349448959121093,7.414331374148008
1558,0,1820,6.7740851079447495,6.985127162620544
1559,0,1821,9.246112745563256,8.544047923481749
1560,0,1822,8.020134931838216,8.770763282732167
1561,0,1823,7.3043803632928865,6.735849270141073
1562,0,1824,11.13573758277252,15.411251867101283
1563,0,1825,10.407905666578118,15.882691527517789
1564,0,1826,13.229511023111517,15.948566756754762
1565,0,1827,5.711579889923778,11.17122070316257
1566,0,1828,6.0940685581147855,11.739267109695739
1567,0,1829,6.561959457556082,15.293604198724482
1568,0,1830,5.844565877386863,14.687117206997142
1569,0,1831,7.171712165387088,15.235134127825972
1570,0,1832,19.92290144150085,8.871274198552584
1571,0,1835,12.275444922642196,16.096420601681313
1572,0,1836,10.721367415200886,19.354545285069552
1573,0,1837,10.232972227337164,16.1979697594843
1574,0,1838,9.4904750742456,17.821288185035527
